{
    "lajos": {
        "mfcc_mean": [
            290.9621376750573,
            98.3974431295312,
            22.43225877928605,
            24.829658185379472,
            9.281073125258771,
            15.211010974263365,
            10.810286482883798,
            6.6274610158744185,
            6.231244302854831,
            1.8660405558849429,
            4.9808359494341925,
            5.107243734381728,
            0.3421130136549768,
            4.90335711094599,
            -1.5024390994819514,
            -1.61200273119656,
            -2.4087063767241155,
            3.4919582997935814,
            0.04057234419811995,
            3.3549204327362707
        ],
        "mfcc_var": [
            7314.85787257531,
            47.18045640131021,
            53.26860631880005,
            114.04917760900895,
            4.841542177502485,
            120.13635655420413,
            12.700113897709384,
            8.901551085523678,
            20.116174772723173,
            3.7896416338871677,
            19.83673661836153,
            64.68002217533302,
            11.122641246757583,
            14.345254725819816,
            5.7243706027274275,
            7.245662002721718,
            12.194094470822169,
            20.387881788669745,
            4.149438864493389,
            21.28546506100961
        ]
    }
}