{
    "lajos": {
        "mfcc_mean": [
            356.5393958704998,
            104.27277672304612,
            6.899451143423946,
            20.749921021256647,
            2.419511733491062,
            6.778609566530527,
            -4.652482992577813,
            7.191408064423709,
            6.710499083920098,
            -4.915736917453215,
            -4.958995396316851,
            -3.475612731221429,
            3.5207893038138742,
            3.4001279495706536,
            -7.990537097330535,
            4.469095257082453,
            -5.030874437552913,
            1.941984424556296,
            -0.7426112251541318,
            2.425713166243087
        ],
        "mfcc_var": [
            26767.605432809632,
            47.86412550048255,
            148.46926138854664,
            125.91248097852372,
            60.7563112595819,
            126.8030624869884,
            102.41842351469921,
            3.9179622641497174,
            21.46981699951734,
            62.283913626712774,
            44.10618789902449,
            66.40005076181569,
            7.244746392169105,
            4.325249689341045,
            92.94598323491516,
            11.137110331947115,
            12.192520041558646,
            9.18853969621325,
            1.2775639453628354,
            10.018344877075315
        ]
    }
}