{
    "lajos": {
        "mfcc_mean": [
            398.1741727782462,
            75.92739320283684,
            10.562368940218668,
            20.61499616186449,
            -15.07720391013434,
            19.963477158772392,
            -16.17599721747317,
            5.661550273641373,
            12.107155107759285,
            -2.6650434062506707,
            11.700037740038304,
            9.936064200088008,
            -0.48948595811750445,
            2.49381675391026,
            0.0399029636346685,
            8.439666306888162,
            -1.975536517681056,
            -2.532473976301739,
            3.5518572340992383,
            -1.6409256196178263
        ],
        "mfcc_var": [
            6974.386961036105,
            53.301636660016406,
            183.41002494924737,
            49.55652631453205,
            20.04407801810557,
            56.19972052780655,
            183.91114548368733,
            6.597289283031027,
            1.931947439761534,
            103.38429024262732,
            13.389679787590977,
            38.31511415353865,
            25.26094596296541,
            5.506321194943217,
            39.95147687890933,
            7.49756251641779,
            21.922812691723486,
            1.679391525508261,
            6.910894150065503,
            14.160317881257718
        ]
    }
}